0,Authentic Italian Pizza Recipe ( Pizza Margherita & Pizza Bianca )-sNvYjienS6Y.mp4
1,Bread Pizza Roll Recipe _ Quick and Easy Bread Roll Recipe _ How to Make Bread Pizza Roll-Wz93s6OKvU4.mp4
2,Homemade Cheesy Bites Pepperoni Pizza Recipe!-lgg6luYfQ1w.mp4
3,Homemade Pizza (Filipino Style)-KiN3N_xXvMg.mp4
4,Homemade Pizza Crust (Dough) from Scratch - Easy Recipe-GiSzVOTbpJQ.mp4
5,Homemade Vs. Restaurant Pizza-iJL9p4QaN8I.mp4
6,HOW TO MAKE A PIZZA CAKE ft Grace Helbig - NERDY NUMMIES-K_GsdmlB9Jk.mp4
7,How to make a PRISON PIZZA-UkOX3FGMrtc.mp4
8,How to make Bread Slice Pizza at home - Inspire To Cook-1Bek9nhwdEI.mp4
9,How to make Domino's Style Veg Pizza Recipe in Hindi- With Pizza Dough - Sauce & Topping Recipe-c-CMuC7Z7XI.mp4
10,How to make Homemade Pizza From Scratch - Recipe by Laura Vitale - Laura in the Kitchen Ep. 86-RAOgl-Sv09U.mp4
11,How To Make Homemade Pizza! _ Tanya Burr-IlK4b-K0870.mp4
12,How To Make New York-Style Pizza-ABA5BhUzduw.mp4
13,How to make Pan Pizza _ Pizza without Oven _ EASY PIZZA RECIPE _ Recipe in Nepali Language  üç¥ 32-OFINlqK6WTk.mp4
14,How to Make Perfect Pizza _ Gennaro Contaldo-1-SJGQ2HLp8.mp4
15,How to Make Pizza _ iJustine-TjMjBQaNOD4.mp4
16,"HOW TO MAKE PIZZA _ PIZZA RECIPE WITH PIZZA DOUGH, PIZZA SAUCE-_axF_oKvr9k.mp4"
17,How to Make Pizza at Home _ Sean in the Wild-q9erQqb_o8w.mp4
18,How to Make Pizza Dough at Home _ The New York Times-u-KDRmOYSb0.mp4
19,How To Make Pizza Dough At Home - Easy Recipe-gMuOyV70i5Y.mp4
20,HOW TO MAKE PIZZA DOUGH AT HOME (Quick and Easy) _ HOMEMADE PIZZA-ugXlYfc-WR8.mp4
21,How to make Pizza Dough from Scratch _ Thin Pizza Crust Recipe _ How to make Pizza Crust-5RIfjaAGqIA.mp4
22,How to Make Pizza Dough without a Mixer _ Homemade Pizza-b91fSTbONMs.mp4
23,HOW TO MAKE PIZZA FROM SCRATCH - dough and sauce-3s9wugWiQoI.mp4
24,How To Make Pizza On Pan Or Tawa - How To Make Pizza Without Oven by (HUMA IN THE KITCHEN)-PLRnkLi-FV0.mp4
25,How to make Pizza on tawa - Tawa Pizza Recipe-IItVVdsjXf0.mp4
26,HOW TO MAKE PIZZA PI PIES w_my Dad! - NERDY NUMMIES-dmiQd1ChzN8.mp4
27,How to make Pizza Rolls _ Pizza for kids _ No hassle Pizza-W6ySg9NTusM.mp4
28,How to make pizza without oven in hindi-fLqZTLFUO3M.mp4
29,How to make Pizza_ Nigerian Food _ Nigeria Cuisine-qQ6Mj6LvZi8.mp4
30,How to Make Quick and Easy Pizza Crust-psNC_Fme7eo.mp4
31,How to Make Restaurant Quality Pizza at Home - ErikEats.com-L1j1QWGiiN0.mp4
32,How To Make Spicy Homemade Pizza -VIDEO RECIPE-5tyRvmMETUY.mp4
33,How-To - Make Homemade Pizza with Frank Pinello-whnvQBhXh3A.mp4
34,HOW2 - How to Make a Pizza!-J8FXSGmnY9U.mp4
35,Indian Biggest Special Pizza by Grandma _ Myna Street Food-O4QeKCeeSbA.mp4
36,Learn How to Make the Best Homemade Pizza with Gennaro Contaldo _ Citalia-n-VRntrbypI.mp4
37,Lil Yachty Learns How To Make Pizza & Talks 'Teenage Emotions' _ IRL-Hctwo-uF_Po.mp4
38,Make Cheese Burst Pizza like Domino's at home !!! _ Recipe of cheese sauce _ Simply yummylicious...-eaQ7eBNhH0c.mp4
39,Make Pan Pizza at home like Pizza Hut _ Supreme Exotica Pan Pizza _ Simply yummylicious-xcx7F1X8IgI.mp4
40,Make Your Own - Pepperoni Pizza-HCAPjIVOdJw.mp4
41,MAKING A PIZZA AT DOMINOS-99Qd_u1vkkc.mp4
42,Pizaa Base Recipe  - How to make Pizza Base at home -N2FVOgUeYI8.mp4
43,Pizza _ All Nigerian Recipes-q9RbZLwNEis.mp4
44,Pizza _ Basics with Babish-7cqYiUmutGI.mp4
45,Pizza _ Chicken Pizza _ Chicken Pizza Cooking by our grandpa for 100 Orphan kids-j2D65hbOmI0.mp4
46,Pizza McPuff Recipe - Veg Pizza Parcel - ‡§µ‡•§ ‡§™‡§ø‡•õ‡•ç‡•õ‡§æ ‡§™‡§´ - McDonald Style Veg Pizza Puff-fXpoBwKggQQ.mp4
47,Pizza Rolls (And How to Make Pizza Dough)-F7HJJqm0QF0.mp4
48,Pizza without Oven_ Veg Pizza_ Pizza in Kadhai_Homemade Pizza Dough & Sauce ~ The Terrace Kitchen-IZ19Lqqe6iw.mp4
49,"Quick Family Pizza _ Jamie, Petal & Buddy Oliver-K2RB1KcNtAM.mp4"
50,Quick n Easy Homemade Pizza Recipe-cxB4ACaaR4I.mp4
51,THE BEST Pizza Dough Recipe   The ONLY Recipe You Will Ever Need-9OV0HBZqjsc.mp4